{
	"name": "restive",
	"version": "1.3.6",
	"title": "Restive.JS",
	"author": {
		"name": "Obinwanne Hill",
		"email": "ohill@restive.io",
		"url": "http://about.me/obinwanne.hill"
	},
	"licenses": [
	{
		"type": "MIT",
		"url": "https://github.com/obihill/restive.js/blob/master/LICENSE.md"
	}
	],
	"dependencies": {
		"jquery": ">=1.7.1"
	},
	"description": "jQuery plugin for helping Web Designers easily add Responsive + Adaptive Features to their Web Sites. * User-friendly - Set up advanced responsive and adaptive features easily and intuitively. * Versatile - Easily detect and target multiple form factors and platforms. *Powerful - Numerous advanced features and combinations available. ",
	"keywords": [
		"restive",
		"restive.js",
		"responsive",
		"adaptive",
		"design",
		"mobile",
		"tablet",
		"phone",
		"tv",
		"software",
		"javascript",
		"jquery",
		"plugin"
	],
	"homepage": "http://www.restivejs.com",
	"docs": "http://docs.restivejs.com",
	"demo": "http://www.restivejs.com/demo.html",
	"download": "https://github.com/obihill/restive.js",
	"bugs": "https://github.com/obihill/restive.js/issues",
	"maintainers": [
	{
		"name": "Obinwanne Hill",
		"email": "ohill@restive.io",
		"url": "http://about.me/obinwanne.hill"
	}
	]	
}